{"Epoch": [0, 100, 200, 300, 400, 500, 600, 700, 800, 900, 1000, 1100, 1200, 1300, 1400, 1500, 1600, 1700, 1800, 1900, 2000, 2001, 2011, 2021, 2031, 2041, 2051, 2061, 2071, 2081, 2091, 2101, 2111, 2121, 2131, 2141, 2151, 2161, 2171, 2181, 2191, 2201, 2211, 2221, 2231, 2241, 2251, 2261, 2271, 2281, 2291, 2301, 2311, 2321, 2331, 2341, 2351, 2361, 2371, 2381, 2391, 2401], "Cont": [7.693105697631836, 0.043300434947013855, 0.037051450461149216, 0.02572314441204071, 0.029143553227186203, 0.023517964407801628, 0.01923208311200142, 0.016597913578152657, 0.01362322922796011, 0.009666752070188522, 0.010142739862203598, 0.008417261764407158, 0.003175727790221572, 0.003372953040525317, 0.0035350159741938114, 0.00452554551884532, 0.0023298768792301416, 0.0026416433975100517, 0.003389336634427309, 0.0018167562084272504, 0.002953600138425827, 0.0010998029028996825, 0.0010190486209467053, 0.0005028481245972216, 0.00027468608459457755, 0.00015429133782163262, 0.00010129401198355481, 7.743464811937883e-05, 5.321756543708034e-05, 3.967525117332116e-05, 3.200351056875661e-05, 2.765255885606166e-05, 2.2542630176758394e-05, 1.879547562566586e-05, 1.663277180341538e-05, 1.5453482774319127e-05, 1.3067486179352272e-05, 1.1678373084578197e-05, 1.0317738997400738e-05, 8.733873073651921e-06, 7.658638423890807e-06, 7.009839919192018e-06, 6.888385087222559e-06, 6.888385087222559e-06, 6.888385087222559e-06, 6.888385087222559e-06, 6.888385087222559e-06, 6.888385087222559e-06, 6.888385087222559e-06, 6.888385087222559e-06, 6.888385087222559e-06, 6.888385087222559e-06, 6.888385087222559e-06, 6.888385087222559e-06, 6.888385087222559e-06, 6.888385087222559e-06, 6.888385087222559e-06, 6.888385087222559e-06, 6.888385087222559e-06, 6.888385087222559e-06, 6.888385087222559e-06, 6.888385087222559e-06], "Mom_x": [0.40679627656936646, 0.009077663533389568, 0.04729711636900902, 0.07896875590085983, 0.05062863603234291, 0.044091057032346725, 0.036549847573041916, 0.029737725853919983, 0.026366880163550377, 0.018763871863484383, 0.014356953091919422, 0.013189923018217087, 0.010383007116615772, 0.010799241252243519, 0.005840301513671875, 0.006939144805073738, 0.003813379444181919, 0.004297178238630295, 0.0039925770834088326, 0.005490352399647236, 0.005791769828647375, 0.0019115004688501358, 0.0014390096766874194, 0.0006639951607212424, 0.00026431676815263927, 0.00015804947179276496, 0.00011713641288224608, 7.829068636056036e-05, 6.37503108009696e-05, 5.038527160650119e-05, 3.962437403970398e-05, 3.2548821764066815e-05, 2.7349911761120893e-05, 2.26019346882822e-05, 1.858838732005097e-05, 1.5579422324663028e-05, 1.3555298210121691e-05, 1.1540741070348304e-05, 1.0354918231314514e-05, 8.761862773098983e-06, 8.190604603441898e-06, 7.463031124643749e-06, 7.241416369652143e-06, 7.241416369652143e-06, 7.241416369652143e-06, 7.241416369652143e-06, 7.241416369652143e-06, 7.241416369652143e-06, 7.241416369652143e-06, 7.241416369652143e-06, 7.241416369652143e-06, 7.241416369652143e-06, 7.241416369652143e-06, 7.241416369652143e-06, 7.241416369652143e-06, 7.241416369652143e-06, 7.241416369652143e-06, 7.241416369652143e-06, 7.241416369652143e-06, 7.241416369652143e-06, 7.241416369652143e-06, 7.241416369652143e-06], "Energy": [167.4296417236328, 0.013253092765808105, 0.07800609618425369, 0.024352332577109337, 0.025484992191195488, 0.015471945516765118, 0.01203036680817604, 0.04562227800488472, 0.019902542233467102, 0.009016480296850204, 0.022909734398126602, 0.08598791807889938, 0.006354330573230982, 0.009887018240988255, 0.00683794729411602, 0.027411749586462975, 0.00605773413553834, 0.016860343515872955, 0.022570420056581497, 0.01779915764927864, 0.00941980816423893, 0.001384630217216909, 0.0012341705150902271, 0.0007696510874666274, 0.00031140766805037856, 0.0001554488408146426, 9.929059160640463e-05, 7.218922837637365e-05, 5.635452544083819e-05, 4.4768872612621635e-05, 3.680846930365078e-05, 2.999621574417688e-05, 2.3752343622618355e-05, 2.029562892857939e-05, 1.7148990082205273e-05, 1.4532929526467342e-05, 1.2869711099483538e-05, 1.1199417713214643e-05, 9.909002073982265e-06, 9.073596629605163e-06, 8.002059985301457e-06, 7.243096661113668e-06, 6.915794074302539e-06, 6.915794074302539e-06, 6.915794074302539e-06, 6.915794074302539e-06, 6.915794074302539e-06, 6.915794074302539e-06, 6.915794074302539e-06, 6.915794074302539e-06, 6.915794074302539e-06, 6.915794074302539e-06, 6.915794074302539e-06, 6.915794074302539e-06, 6.915794074302539e-06, 6.915794074302539e-06, 6.915794074302539e-06, 6.915794074302539e-06, 6.915794074302539e-06, 6.915794074302539e-06, 6.915794074302539e-06, 6.915794074302539e-06], "left": [0.37436848878860474, 0.14067257940769196, 0.09148537367582321, 0.047160498797893524, 0.026471978053450584, 0.018393445760011673, 0.013496250845491886, 0.011163963936269283, 0.007944908924400806, 0.006396857090294361, 0.00602271594107151, 0.004414163529872894, 0.0037766345776617527, 0.003206597175449133, 0.002733994973823428, 0.00248929625377059, 0.0023164856247603893, 0.001829005777835846, 0.0019005521899089217, 0.001643710769712925, 0.0008178855641745031, 0.0011646804632619023, 0.00022005218488629907, 4.399396857479587e-05, 2.3068236259859987e-05, 1.6926516764215194e-05, 1.136148512159707e-05, 6.720039436913794e-06, 4.192997948848642e-06, 2.7637747734843288e-06, 2.0602426502591697e-06, 1.573329427628778e-06, 1.2201941217426793e-06, 9.97237975752796e-07, 7.58140060952428e-07, 5.962738782727683e-07, 4.6445566681541095e-07, 3.5725673797060153e-07, 3.0595776934205787e-07, 2.555304945417447e-07, 2.1771303693185473e-07, 1.972424428231534e-07, 1.8991445926985762e-07, 1.8991445926985762e-07, 1.8991445926985762e-07, 1.8991445926985762e-07, 1.8991445926985762e-07, 1.8991445926985762e-07, 1.8991445926985762e-07, 1.8991445926985762e-07, 1.8991445926985762e-07, 1.8991445926985762e-07, 1.8991445926985762e-07, 1.8991445926985762e-07, 1.8991445926985762e-07, 1.8991445926985762e-07, 1.8991445926985762e-07, 1.8991445926985762e-07, 1.8991445926985762e-07, 1.8991445926985762e-07, 1.8991445926985762e-07, 1.8991445926985762e-07], "right": [0.9297776222229004, 0.08919145166873932, 0.06722570210695267, 0.0363139808177948, 0.024848323315382004, 0.01768629066646099, 0.013258532620966434, 0.010291813872754574, 0.008212816901504993, 0.006610562093555927, 0.0055127572268247604, 0.004909479059278965, 0.00398287596181035, 0.003420450957491994, 0.0029466059058904648, 0.0025165288243442774, 0.001983226742595434, 0.002051432617008686, 0.001681469613686204, 0.001656681066378951, 0.0019227582961320877, 0.0013626618310809135, 0.0002479909162502736, 6.715535710100085e-05, 2.895600482588634e-05, 1.7792768630897626e-05, 1.1794477359217126e-05, 7.580084002256626e-06, 5.157521172804991e-06, 3.3685828384477645e-06, 2.4407324872299796e-06, 1.6845309573909617e-06, 1.297322000937129e-06, 1.049763227456424e-06, 8.81290361576248e-07, 7.15600208422984e-07, 5.865397270099493e-07, 5.266289804239932e-07, 4.653197720472235e-07, 4.0539109136261686e-07, 3.423826342441316e-07, 2.962766245673265e-07, 2.909861223088228e-07, 2.909861223088228e-07, 2.909861223088228e-07, 2.909861223088228e-07, 2.909861223088228e-07, 2.909861223088228e-07, 2.909861223088228e-07, 2.909861223088228e-07, 2.909861223088228e-07, 2.909861223088228e-07, 2.909861223088228e-07, 2.909861223088228e-07, 2.909861223088228e-07, 2.909861223088228e-07, 2.909861223088228e-07, 2.909861223088228e-07, 2.909861223088228e-07, 2.909861223088228e-07, 2.909861223088228e-07, 2.909861223088228e-07],