{"Epoch": [0, 100, 200, 300, 400, 500, 600, 700, 800, 900, 1000, 1100, 1200, 1300, 1400, 1500, 1600, 1700, 1800, 1900, 2000, 2001, 2011, 2021, 2031, 2041, 2051, 2061, 2071, 2081, 2091, 2101, 2111, 2121, 2131, 2141, 2151, 2161, 2171, 2181, 2191, 2201, 2211, 2221, 2231, 2241, 2251, 2261, 2271, 2281, 2291, 2301, 2311, 2321, 2331, 2341, 2351, 2361, 2371, 2381, 2391, 2401, 2411, 2421, 2431, 2441, 2451, 2461, 2471, 2481, 2491, 2501], "Cont": [13.180309295654297, 0.07753943651914597, 0.06390989571809769, 0.056662119925022125, 0.042706266045570374, 0.04067552462220192, 0.04601455479860306, 0.07093334197998047, 0.045142192393541336, 0.027256641536951065, 0.02201562374830246, 0.01868259347975254, 0.021417465060949326, 0.01858125627040863, 0.014828285202383995, 0.019371964037418365, 0.01360087189823389, 0.015470301732420921, 0.00875444058328867, 0.031735166907310486, 0.013555854558944702, 0.00925770029425621, 0.010036420077085495, 0.007944413460791111, 0.006034047808498144, 0.004898665472865105, 0.004068676382303238, 0.0038929893635213375, 0.004031098447740078, 0.0041075232438743114, 0.003971172496676445, 0.0034293089993298054, 0.003064629388973117, 0.002861717715859413, 0.0028936604503542185, 0.0025123790837824345, 0.0022804627660661936, 0.0019666363950818777, 0.001844565267674625, 0.0016718796687200665, 0.0014668082585558295, 0.0013377738650888205, 0.001195707474835217, 0.0010735978139564395, 0.0009782288689166307, 0.000902884523384273, 0.0008338320767506957, 0.0007815011194907129, 0.0007405639626085758, 0.0007015120936557651, 0.0006493431865237653, 0.0006493431865237653, 0.0006493431865237653, 0.0006493431865237653, 0.0006493431865237653, 0.0006493431865237653, 0.0006493431865237653, 0.0006493431865237653, 0.0006493431865237653, 0.0006493431865237653, 0.0006493431865237653, 0.0006493431865237653, 0.0006493431865237653, 0.0006493431865237653, 0.0006493431865237653, 0.0006493431865237653, 0.0006493431865237653, 0.0006493431865237653, 0.0006493431865237653, 0.0006493431865237653, 0.0006493431865237653, 0.0006493431865237653], "Mom_x": [4.750966548919678, 0.24109724164009094, 0.1844456046819687, 0.10532345622777939, 0.07529671490192413, 0.052988022565841675, 0.06365111470222473, 0.1672837734222412, 0.07916556298732758, 0.04073197394609451, 0.035751983523368835, 0.03488500416278839, 0.05138084292411804, 0.05827197805047035, 0.023636970669031143, 0.03962632641196251, 0.02677726559340954, 0.033012352883815765, 0.01619453728199005, 0.0788685753941536, 0.02989877760410309, 0.017505645751953125, 0.016485264524817467, 0.013127258978784084, 0.010405180044472218, 0.0077559445053339005, 0.006105403415858746, 0.005798907019197941, 0.005235148128122091, 0.004938056226819754, 0.004061676561832428, 0.003452110569924116, 0.0029663322493433952, 0.0027060227002948523, 0.002261227462440729, 0.0021861791610717773, 0.0021935650147497654, 0.0021141236647963524, 0.0017371349968016148, 0.0015256610931828618, 0.001394979190081358, 0.001300029456615448, 0.0012062021996825933, 0.001114539336413145, 0.0010375991696491838, 0.0009408037294633687, 0.0008825651020742953, 0.0007843552739359438, 0.0007257102406583726, 0.0006747018196620047, 0.0006445064209401608, 0.0006445064209401608, 0.0006445064209401608, 0.0006445064209401608, 0.0006445064209401608, 0.0006445064209401608, 0.0006445064209401608, 0.0006445064209401608, 0.0006445064209401608, 0.0006445064209401608, 0.0006445064209401608, 0.0006445064209401608, 0.0006445064209401608, 0.0006445064209401608, 0.0006445064209401608, 0.0006445064209401608, 0.0006445064209401608, 0.0006445064209401608, 0.0006445064209401608, 0.0006445064209401608, 0.0006445064209401608, 0.0006445064209401608], "Energy": [13.455985069274902, 0.41897010803222656, 0.1851818859577179, 0.9610074162483215, 0.09777557849884033, 0.20332229137420654, 0.6182157397270203, 0.979133129119873, 0.6182492971420288, 0.2937827706336975, 0.08791039139032364, 0.06494437903165817, 0.26003190875053406, 0.2545663118362427, 0.06140724942088127, 0.051532089710235596, 0.3708105683326721, 0.14488406479358673, 0.07437710464000702, 0.701176643371582, 0.28558409214019775, 0.009581094607710838, 0.012895742431282997, 0.006948830094188452, 0.006035624537616968, 0.004969010129570961, 0.004121431149542332, 0.004779926035553217, 0.0047654337249696255, 0.0048430925235152245, 0.004543853923678398, 0.003972957842051983, 0.0035796999000012875, 0.002852395409718156, 0.002893781056627631, 0.002718754345551133, 0.002663408173248172, 0.002294784178957343, 0.0019749237690120935, 0.0018536224961280823, 0.0016048686811700463, 0.0013676610542461276, 0.0011562136933207512, 0.001053348882123828, 0.000967778149060905, 0.0009028555359691381, 0.0008276058360934258, 0.0007431773701682687, 0.000690235523506999, 0.0006350122857838869, 0.0005811598966829479, 0.0005811598966829479, 0.0005811598966829479, 0.0005811598966829479, 0.0005811598966829479, 0.0005811598966829479, 0.0005811598966829479, 0.0005811598966829479, 0.0005811598966829479, 0.0005811598966829479, 0.0005811598966829479, 0.0005811598966829479, 0.0005811598966829479, 0.0005811598966829479, 0.0005811598966829479, 0.0005811598966829479, 0.0005811598966829479, 0.0005811598966829479, 0.0005811598966829479, 0.0005811598966829479, 0.0005811598966829479, 0.0005811598966829479], "left": [7.119045734405518, 0.16639749705791473, 0.0877753347158432, 0.05475356802344322, 0.04107283055782318, 0.033740755170583725, 0.029218750074505806, 0.043058399111032486, 0.025212788954377174, 0.02031107060611248, 0.01902131177484989, 0.01710089109838009, 0.01732476055622101, 0.015973657369613647, 0.014711749739944935, 0.014277822338044643, 0.015575451776385307, 0.014177377335727215, 0.01299043744802475, 0.017129017040133476, 0.013865027576684952, 0.01099882461130619, 0.007054791785776615, 0.004991365130990744, 0.0039461939595639706, 0.0032707673963159323, 0.0028837386053055525, 0.0024505944456905127, 0.001986410701647401, 0.0016333074308931828, 0.0014081979170441628, 0.0011649910593405366, 0.0009694186737760901, 0.0007452849531546235, 0.0005395265179686248, 0.00037846341729164124, 0.0002552424557507038, 0.00018501043086871505, 0.0001655151427257806, 0.00013350146764423698, 0.0001080477813957259, 9.660051728133112e-05, 8.803563832771033e-05, 7.938698399811983e-05, 6.866801413707435e-05, 6.117506563896313e-05, 5.3726096666650847e-05, 4.774247281602584e-05, 4.2577343265293166e-05, 3.7405356124509126e-05, 3.4793840313795954e-05, 3.4793840313795954e-05, 3.4793840313795954e-05, 3.4793840313795954e-05, 3.4793840313795954e-05, 3.4793840313795954e-05, 3.4793840313795954e-05, 3.4793840313795954e-05, 3.4793840313795954e-05, 3.4793840313795954e-05, 3.4793840313795954e-05, 3.4793840313795954e-05, 3.4793840313795954e-05, 3.4793840313795954e-05, 3.4793840313795954e-05, 3.4793840313795954e-05, 3.4793840313795954e-05, 3.4793840313795954e-05, 3.4793840313795954e-05, 3.4793840313795954e-05, 3.4793840313795954e-05, 3.4793840313795954e-05],