{"Epoch": [0, 11, 21, 31, 41, 51, 61, 71, 81, 91, 101, 111, 121, 131, 141, 151, 161, 171, 181, 191, 201, 211, 221, 231, 241, 251, 261, 271, 281, 291, 301, 311, 321, 331, 341, 351, 361, 371, 381, 391, 401, 411, 421, 431, 441, 451, 461, 471, 481, 491, 501, 511, 521, 531, 541, 551, 561, 571, 581, 591, 601, 611, 621, 631, 641, 651, 661, 671, 681, 691, 701, 711, 721, 731, 741, 751, 761, 771, 781, 791, 801, 811, 821, 831, 841, 851, 861, 871, 881, 891, 901, 911, 921, 931, 941, 951, 961, 971, 981, 991, 1001, 1011], "Cont": [0.5920346975326538, 0.2755574882030487, 0.042133815586566925, 0.019923705607652664, 0.013886789791285992, 0.01053946278989315, 0.008436276577413082, 0.006821354851126671, 0.005945682059973478, 0.004912693053483963, 0.004231487866491079, 0.003744114888831973, 0.003271513618528843, 0.002861986868083477, 0.002613215474411845, 0.0023276067804545164, 0.0021448228508234024, 0.0018979987362399697, 0.0017319724429398775, 0.0016129454597830772, 0.0014930687611922622, 0.0013707921607419848, 0.0012723951367661357, 0.0011875685304403305, 0.001109546865336597, 0.0010395155986770988, 0.0009976932778954506, 0.0009424845920875669, 0.0009060865850187838, 0.000850569223985076, 0.0008193788235075772, 0.0007792214164510369, 0.0007399983005598187, 0.0006972452392801642, 0.000667709915433079, 0.0006418609409593046, 0.0006097758305259049, 0.0005881593097001314, 0.0005550758796744049, 0.0005345512181520462, 0.0005070414044894278, 0.0004907054826617241, 0.00046570406993851066, 0.00044542894465848804, 0.00043248338624835014, 0.00041836954187601805, 0.00040511073893867433, 0.0003895296831615269, 0.0003699151857290417, 0.00035665847826749086, 0.0003464132023509592, 0.00033269316190853715, 0.0003208668204024434, 0.0003086003416683525, 0.00029990653274580836, 0.0002917360980063677, 0.0002837278298102319, 0.00027735557523556054, 0.00026896799681708217, 0.00026298954617232084, 0.0002564560854807496, 0.00024933545500971377, 0.0002442282857373357, 0.00023839238565415144, 0.00023246766068041325, 0.0002270485565531999, 0.00022055562294553965, 0.0002162992605008185, 0.00020905540441162884, 0.00020330349798314273, 0.0001987308933166787, 0.00019270605116616935, 0.0001881733041955158, 0.00018320971867069602, 0.0001790844980860129, 0.0001768135989550501, 0.00017365060921292752, 0.00017028562433551997, 0.00016626737487968057, 0.000163103366503492, 0.0001602771517354995, 0.00015735047054477036, 0.0001545297127449885, 0.0001514871692052111, 0.0001495148171670735, 0.00014687822840642184, 0.00014340523921418935, 0.0001403510686941445, 0.00013784565089736134, 0.0001350969250779599, 0.0001339801528956741, 0.0001339801528956741, 0.0001339801528956741, 0.0001339801528956741, 0.0001339801528956741, 0.0001339801528956741, 0.0001339801528956741, 0.0001339801528956741, 0.0001339801528956741, 0.0001339801528956741, 0.0001339801528956741, 0.0001339801528956741], "MomX": [1.1953502893447876, 0.40394824743270874, 0.046053819358348846, 0.02333243563771248, 0.016535844653844833, 0.01228331495076418, 0.009489335119724274, 0.007371765095740557, 0.005987305194139481, 0.004818589426577091, 0.004344271030277014, 0.0038198193069547415, 0.0034042249899357557, 0.003027948085218668, 0.0027241383213549852, 0.002445175079628825, 0.00220082001760602, 0.0020487233996391296, 0.0019363065948709846, 0.0017751557752490044, 0.0016320633003488183, 0.0015205118106678128, 0.0014006424462422729, 0.001321200281381607, 0.0012428858317434788, 0.001184131600894034, 0.0010923658264800906, 0.0010315413819625974, 0.0009448524215258658, 0.0009043065365403891, 0.0008574982057325542, 0.0008120945421978831, 0.0007758614956401289, 0.0007457006722688675, 0.0007175746723078191, 0.0006926904898136854, 0.0006690457230433822, 0.0006382985739037395, 0.0006128294044174254, 0.0005887686274945736, 0.0005642239120788872, 0.0005390666774474084, 0.0005176796694286168, 0.0004961382946930826, 0.0004810835816897452, 0.00046503031626343727, 0.0004495879402384162, 0.0004410967812873423, 0.0004313469398766756, 0.00041905452962964773, 0.00040575367165729403, 0.00039236416341736913, 0.0003846198378596455, 0.00037892686668783426, 0.0003687359276227653, 0.0003588580875657499, 0.0003499782469589263, 0.00033754250034689903, 0.0003295898495707661, 0.00032202096190303564, 0.0003135288425255567, 0.0003057673166040331, 0.00029605187592096627, 0.0002880996325984597, 0.00028098374605178833, 0.00027189566753804684, 0.00026826467365026474, 0.00026202553999610245, 0.0002558562846388668, 0.0002501811250112951, 0.00024449164629913867, 0.00023999236873351038, 0.00023534608772024512, 0.00023100503312889487, 0.00022545129468198866, 0.0002226577780675143, 0.00021858741820324212, 0.000213572770007886, 0.00020901749667245895, 0.00020313964341767132, 0.00019815871200989932, 0.00019461008196230978, 0.00018970789096783847, 0.00018601265037432313, 0.0001826597290346399, 0.0001786523498594761, 0.00017555757949594408, 0.00017196143744513392, 0.00016992060409393162, 0.00016779536963440478, 0.0001671325007919222, 0.0001671325007919222, 0.0001671325007919222, 0.0001671325007919222, 0.0001671325007919222, 0.0001671325007919222, 0.0001671325007919222, 0.0001671325007919222, 0.0001671325007919222, 0.0001671325007919222, 0.0001671325007919222, 0.0001671325007919222], "MomY": [0.9719603061676025, 0.47225990891456604, 0.03839893639087677, 0.019377263262867928, 0.012639771215617657, 0.009207094088196754, 0.0071188099682331085, 0.005976302549242973, 0.0047455038875341415, 0.0038996643852442503, 0.0032342681661248207, 0.002854411257430911, 0.0024336965288966894, 0.002184940269216895, 0.0019296047976240516, 0.0017429949948564172, 0.0015747274737805128, 0.0014307386009022593, 0.001321150572039187, 0.0012164526851847768, 0.001124099362641573, 0.0010258830152451992, 0.0009798950050026178, 0.000930212321691215, 0.000884181063156575, 0.0008269260870292783, 0.0007767859497107565, 0.0007403895142488182, 0.0006956858560442924, 0.0006624359521083534, 0.0006303785485215485, 0.0006090048118494451, 0.0005855923518538475, 0.0005631407257169485, 0.0005410759476944804, 0.0005166587070561945, 0.0004977385979145765, 0.0004818589077331126, 0.00047395992442034185, 0.0004606888396665454, 0.0004448007675819099, 0.0004338664875831455, 0.0004242753784637898, 0.0004110803420189768, 0.0004025014059152454, 0.0003885091282427311, 0.0003803761792369187, 0.00036911203642375767, 0.0003603958466555923, 0.0003494451812002808, 0.00034111953573301435, 0.00033231708221137524, 0.0003246718551963568, 0.00031587769626639783, 0.0003064305055886507, 0.0002974310191348195, 0.0002898984239436686, 0.000283298286376521, 0.0002769544371403754, 0.0002688141248654574, 0.0002645954373292625, 0.00025634339544922113, 0.0002489279140718281, 0.00024198208120651543, 0.00023583637084811926, 0.0002294248406542465, 0.00022375042317435145, 0.0002182478056056425, 0.0002142004668712616, 0.00021096259297337383, 0.0002057239762507379, 0.00020030637097079307, 0.0001952249585883692, 0.00019033407443203032, 0.00018638245819602162, 0.00018190921400673687, 0.00017980347911361605, 0.00017524449503980577, 0.00017249910160899162, 0.000168840546393767, 0.00016478801262564957, 0.00016209161549340934, 0.00015952906687743962, 0.00015686180267948657, 0.0001541806268505752, 0.00015140793402679265, 0.0001487082481617108, 0.00014611218648497015, 0.00014455868222285062, 0.0001420660555595532, 0.000141116717713885, 0.000141116717713885, 0.000141116717713885, 0.000141116717713885, 0.000141116717713885, 0.000141116717713885, 0.000141116717713885, 0.000141116717713885, 0.000141116717713885, 0.000141116717713885, 0.000141116717713885, 0.000141116717713885],