{"Epoch": [0, 100, 200, 300, 400, 500, 600, 700, 800, 900, 1000, 1100, 1200, 1300, 1400, 1500, 1600, 1700, 1800, 1900, 2000, 2001, 2011, 2021, 2031, 2041, 2051, 2061, 2071, 2081, 2091, 2101, 2111, 2121, 2131, 2141, 2151, 2161, 2171, 2181, 2191, 2201, 2211, 2221, 2231, 2241, 2251, 2261, 2271, 2281, 2291, 2301, 2311, 2321, 2331, 2341, 2351, 2361, 2371, 2381, 2391, 2401], "Cont": [8.431554794311523, 0.4798940420150757, 0.051825881004333496, 0.038116734474897385, 0.03943147137761116, 0.029717857018113136, 0.032133858650922775, 0.03797651827335358, 0.04024529084563255, 0.025166744366288185, 0.03232546150684357, 0.015354427509009838, 0.01666252501308918, 0.020387422293424606, 0.011394054628908634, 0.008968273177742958, 0.007905999198555946, 0.010194443166255951, 0.009309893473982811, 0.0063987052999436855, 0.005878134164959192, 0.005747651681303978, 0.014283073134720325, 0.010517066344618797, 0.008218471892178059, 0.005878791678696871, 0.004136017523705959, 0.0027448823675513268, 0.0022427544463425875, 0.002056465484201908, 0.001719784107990563, 0.001480301609262824, 0.0013168004807084799, 0.0011447378201410174, 0.0009614795562811196, 0.000859555322676897, 0.0007575178169645369, 0.000725186662748456, 0.0006586624658666551, 0.0006131543777883053, 0.0005650852108374238, 0.0005258228629827499, 0.0004805165226571262, 0.0004743477329611778, 0.0004743477329611778, 0.0004743477329611778, 0.0004743477329611778, 0.0004743477329611778, 0.0004743477329611778, 0.0004743477329611778, 0.0004743477329611778, 0.0004743477329611778, 0.0004743477329611778, 0.0004743477329611778, 0.0004743477329611778, 0.0004743477329611778, 0.0004743477329611778, 0.0004743477329611778, 0.0004743477329611778, 0.0004743477329611778, 0.0004743477329611778, 0.0004743477329611778], "Mom_x": [0.3792671859264374, 0.510463297367096, 0.20935553312301636, 0.12047281116247177, 0.10340295732021332, 0.11120912432670593, 0.08348073810338974, 0.0577942356467247, 0.1074458584189415, 0.04407409578561783, 0.0505683459341526, 0.06769148260354996, 0.046757299453020096, 0.03843709081411362, 0.024462800472974777, 0.040382105857133865, 0.018207598477602005, 0.02705804817378521, 0.043187450617551804, 0.020759595558047295, 0.016579799354076385, 0.018530884757637978, 0.020863914862275124, 0.012435169890522957, 0.008998909033834934, 0.006161947268992662, 0.004740739241242409, 0.003987646196037531, 0.0031248631421476603, 0.002693751361221075, 0.0022822075989097357, 0.001830507186241448, 0.001592473010532558, 0.0013639061944559216, 0.0011295006843283772, 0.0009559612954035401, 0.0008660370367579162, 0.0007595793576911092, 0.0007037505856715143, 0.0006530071841552854, 0.0006168545805849135, 0.000560285581741482, 0.0005199667066335678, 0.0005104487063363194, 0.0005104487063363194, 0.0005104487063363194, 0.0005104487063363194, 0.0005104487063363194, 0.0005104487063363194, 0.0005104487063363194, 0.0005104487063363194, 0.0005104487063363194, 0.0005104487063363194, 0.0005104487063363194, 0.0005104487063363194, 0.0005104487063363194, 0.0005104487063363194, 0.0005104487063363194, 0.0005104487063363194, 0.0005104487063363194, 0.0005104487063363194, 0.0005104487063363194], "Energy": [175.306640625, 0.22066514194011688, 0.34691503643989563, 0.1657078117132187, 0.7217332720756531, 0.29808956384658813, 0.22090299427509308, 0.6900002956390381, 0.6506470441818237, 0.34766846895217896, 0.45859459042549133, 0.04813668504357338, 0.164037823677063, 0.22099581360816956, 0.1314530372619629, 0.16875208914279938, 0.18999746441841125, 0.2017342746257782, 0.12612439692020416, 0.15029971301555634, 0.4308832287788391, 0.012230181135237217, 0.012311460450291634, 0.008976798504590988, 0.007567872293293476, 0.006561994552612305, 0.0051652356050908566, 0.0037436243146657944, 0.0027178579475730658, 0.001956593245267868, 0.0013098818017169833, 0.0011045174906030297, 0.0009719550726003945, 0.0009077985305339098, 0.0007438975153490901, 0.0006772428168915212, 0.0005734460428357124, 0.0005180596490390599, 0.0004682658181991428, 0.00043053372064605355, 0.00039737901533953846, 0.0003630427236203104, 0.0003435987455304712, 0.0003407510812394321, 0.0003407510812394321, 0.0003407510812394321, 0.0003407510812394321, 0.0003407510812394321, 0.0003407510812394321, 0.0003407510812394321, 0.0003407510812394321, 0.0003407510812394321, 0.0003407510812394321, 0.0003407510812394321, 0.0003407510812394321, 0.0003407510812394321, 0.0003407510812394321, 0.0003407510812394321, 0.0003407510812394321, 0.0003407510812394321, 0.0003407510812394321, 0.0003407510812394321], "left": [5.3154191970825195, 0.19979161024093628, 0.09233637154102325, 0.06842398643493652, 0.06006830558180809, 0.04903268441557884, 0.043277494609355927, 0.044603992253541946, 0.03543972969055176, 0.03214174509048462, 0.03277537599205971, 0.025781523436307907, 0.02449500933289528, 0.02203553542494774, 0.020711848512291908, 0.02072083204984665, 0.018977640196681023, 0.018469443544745445, 0.02126162499189377, 0.01753321848809719, 0.01683647930622101, 0.015687961131334305, 0.005904897581785917, 0.0032538524828851223, 0.001721464330330491, 0.000862379209138453, 0.0004940915387123823, 0.0003085552016273141, 0.00022052708663977683, 0.00014971315977163613, 0.00010904775990638882, 8.049260213738307e-05, 5.7547102187527344e-05, 4.41810698248446e-05, 3.476162237348035e-05, 3.0089218853390776e-05, 2.573556048446335e-05, 2.312411743332632e-05, 2.153595778509043e-05, 2.0873936591669917e-05, 1.8988101146533154e-05, 1.840970253397245e-05, 1.8102466128766537e-05, 1.7998036128119566e-05, 1.7998036128119566e-05, 1.7998036128119566e-05, 1.7998036128119566e-05, 1.7998036128119566e-05, 1.7998036128119566e-05, 1.7998036128119566e-05, 1.7998036128119566e-05, 1.7998036128119566e-05, 1.7998036128119566e-05, 1.7998036128119566e-05, 1.7998036128119566e-05, 1.7998036128119566e-05, 1.7998036128119566e-05, 1.7998036128119566e-05, 1.7998036128119566e-05, 1.7998036128119566e-05, 1.7998036128119566e-05, 1.7998036128119566e-05], "right": [0.4922606647014618, 0.21326449513435364, 0.0967516079545021, 0.07162792980670929, 0.056668996810913086, 0.04891723766922951, 0.04451894387602806, 0.03853319212794304, 0.0373552180826664, 0.03134451434016228, 0.028250059112906456, 0.02590993233025074, 0.024835890159010887, 0.023890484124422073, 0.022475894540548325, 0.019715283066034317, 0.01944248005747795, 0.018307333812117577, 0.01495715044438839, 0.016564778983592987, 0.017086060717701912, 0.016294850036501884, 0.004877910949289799, 0.002511219121515751, 0.0014191168593242764, 0.0007375782006420195, 0.000436956062912941, 0.0002927640452980995, 0.00021125927742104977, 0.0001742815802572295, 0.00014244635531213135, 0.00011695116700138897, 9.82592609943822e-05, 7.813114643795416e-05, 6.045884947525337e-05, 4.852579877479002e-05, 4.3669904698617756e-05, 3.979433313361369e-05, 3.580512566259131e-05, 3.298070441815071e-05, 3.069478407269344e-05, 2.8137035769759677e-05, 2.3760609110468067e-05, 2.3369013433693908e-05, 2.3369013433693908e-05, 2.3369013433693908e-05, 2.3369013433693908e-05, 2.3369013433693908e-05, 2.3369013433693908e-05, 2.3369013433693908e-05, 2.3369013433693908e-05, 2.3369013433693908e-05, 2.3369013433693908e-05, 2.3369013433693908e-05, 2.3369013433693908e-05, 2.3369013433693908e-05, 2.3369013433693908e-05, 2.3369013433693908e-05, 2.3369013433693908e-05, 2.3369013433693908e-05, 2.3369013433693908e-05, 2.3369013433693908e-05],