{"Epoch": [0, 100, 200, 300, 400, 500, 600, 700, 800, 900, 1000, 1100, 1200, 1300, 1400, 1500, 1600, 1700, 1800, 1900, 2000, 2100, 2200, 2300, 2400, 2500, 2600, 2700, 2800, 2900, 3000, 3100, 3200, 3300, 3400, 3500, 3600, 3700, 3800, 3900, 4000, 4001, 4011, 4021, 4031, 4041, 4051, 4061, 4071, 4081, 4091, 4101, 4111, 4121, 4131, 4141, 4151, 4161, 4171, 4181, 4191, 4201, 4211, 4221, 4231, 4241, 4251, 4261, 4271, 4281, 4291, 4301, 4311, 4321, 4331, 4341, 4351, 4361, 4371, 4381, 4391, 4401, 4411, 4421, 4431, 4441, 4451, 4461, 4471, 4481, 4491, 4501], "Cont": [0.26879024505615234, 0.01443641446530819, 0.012711869552731514, 0.009146627970039845, 0.010058426298201084, 0.004947934299707413, 0.00556696392595768, 0.005958078894764185, 0.005480393301695585, 0.003347559366375208, 0.003687450895085931, 0.003906371537595987, 0.0032707126811146736, 0.003078021574765444, 0.0027409479953348637, 0.0023833736777305603, 0.0022155086044222116, 0.002012999262660742, 0.0018019188428297639, 0.0022699059918522835, 0.0024038399569690228, 0.003086415119469166, 0.002623332664370537, 0.002697369549423456, 0.0026873252354562283, 0.0024906452745199203, 0.0024821809493005276, 0.002673401730135083, 0.0026656650006771088, 0.0023789943661540747, 0.0026571876369416714, 0.0025070388801395893, 0.0023510735481977463, 0.0021406961604952812, 0.0015872372314333916, 0.0019982559606432915, 0.0021495576947927475, 0.002203742042183876, 0.002794635482132435, 0.002316835569217801, 0.002342185005545616, 0.0023578174877911806, 0.0019963555969297886, 0.001916186069138348, 0.001812234171666205, 0.0017649629153311253, 0.001813607639633119, 0.0012734574265778065, 0.0007528039859607816, 0.0005392929306253791, 0.00040476329741068184, 0.000284664478385821, 0.00028265835135243833, 0.0002616326091811061, 0.00023647518537472934, 0.00022621764219366014, 0.0002282706554979086, 0.00020032026804983616, 0.00018478385754860938, 0.00019318392151035368, 0.00019062032515648752, 0.00016782562306616455, 0.00015381677076220512, 0.00014066137373447418, 0.00013346767809707671, 0.00012573503772728145, 0.0001247663894901052, 0.00012485095066949725, 0.00012028188211843371, 0.0001099555374821648, 9.854297240963206e-05, 9.342832345282659e-05, 8.992822404252365e-05, 8.502829587087035e-05, 8.489866741001606e-05, 8.18115149741061e-05, 8.188803622033447e-05, 8.049494499573484e-05, 8.077652455540374e-05, 8.115069067571312e-05, 8.115069067571312e-05, 8.115069067571312e-05, 8.115069067571312e-05, 8.115069067571312e-05, 8.115069067571312e-05, 8.115069067571312e-05, 8.115069067571312e-05, 8.115069067571312e-05, 8.115069067571312e-05, 8.115069067571312e-05, 8.115069067571312e-05, 8.115069067571312e-05], "Mom_x": [0.4791932702064514, 0.002091858070343733, 0.0038184956647455692, 0.003058891510590911, 0.005042896140366793, 0.03828303515911102, 0.003241216531023383, 0.0018986184149980545, 0.0012462208978831768, 0.002579550724476576, 0.0014293196145445108, 0.0009390387567691505, 0.0012436907272785902, 0.0008414039621129632, 0.0007558116922155023, 0.0010744149331003428, 0.0007256402750499547, 0.000440682633779943, 0.0008658644510433078, 0.00046879181172698736, 0.0006103746709413826, 0.001651691272854805, 0.002906572539359331, 0.0012910072691738605, 0.0008539033588021994, 0.0010676413075998425, 0.0015502108726650476, 0.0013931317953392863, 0.0013373377732932568, 0.0011716187000274658, 0.0011113076470792294, 0.0008753718575462699, 0.0012875525280833244, 0.0015708445571362972, 0.0012685791589319706, 0.0022354787215590477, 0.0038207783363759518, 0.0010599963134154677, 0.0009924094192683697, 0.001019241171889007, 0.0008945595473051071, 0.0008678463636897504, 0.0007513877935707569, 0.0006862977752462029, 0.000687893945723772, 0.0007482371293008327, 0.0008291734848171473, 0.0006614768062718213, 0.0005187959177419543, 0.0004470505809877068, 0.0003728169249370694, 0.00030907982727512717, 0.00024946947814896703, 0.0002725837694015354, 0.00022605940466746688, 0.00022065115626901388, 0.0002012435143114999, 0.00018998120503965765, 0.00016164167027454823, 0.00013178642257116735, 0.0001306282647419721, 0.00011971904314123094, 0.00011069733591284603, 0.00011720287875505164, 0.00010294307139702141, 8.803751552477479e-05, 8.324543159687892e-05, 7.411783008137718e-05, 6.774907524231821e-05, 6.247992132557556e-05, 5.892273475183174e-05, 5.4997039114823565e-05, 4.79757618450094e-05, 4.599180101649836e-05, 4.4617674575420097e-05, 4.197704038233496e-05, 3.834341623587534e-05, 3.618692062445916e-05, 3.488083166303113e-05, 3.3613527193665504e-05, 3.3613527193665504e-05, 3.3613527193665504e-05, 3.3613527193665504e-05, 3.3613527193665504e-05, 3.3613527193665504e-05, 3.3613527193665504e-05, 3.3613527193665504e-05, 3.3613527193665504e-05, 3.3613527193665504e-05, 3.3613527193665504e-05, 3.3613527193665504e-05, 3.3613527193665504e-05], "Mom_y": [0.030469458550214767, 0.008291755802929401, 0.009114782325923443, 0.006766223348677158, 0.004412642680108547, 0.003710334189236164, 0.0037920083850622177, 0.003946076612919569, 0.0037152753211557865, 0.00270482967607677, 0.002427739556878805, 0.002696795156225562, 0.0022450461983680725, 0.0023400718346238136, 0.0019101706566289067, 0.0020353225991129875, 0.0015630541602149606, 0.0012271433370187879, 0.0013454376021400094, 0.0016012571286410093, 0.0012776212533935905, 0.0024540135636925697, 0.0018527708016335964, 0.0018513137474656105, 0.0015102002071216702, 0.0013707282487303019, 0.0009228622075170279, 0.0007585849380120635, 0.0010600764071568847, 0.0006720006931573153, 0.0007035474991425872, 0.000689207692630589, 0.0006039907457306981, 0.0004932517185807228, 0.0002979138516820967, 0.0004035291785839945, 0.0004501893126871437, 0.00042345718247815967, 0.0006952539552003145, 0.0005793810705654323, 0.0006439343560487032, 0.0005473310011439025, 0.000548599986359477, 0.0004260723071638495, 0.0004820058820769191, 0.0005947935860604048, 0.0004966511041857302, 0.0006827472243458033, 0.000471767270937562, 0.00023717766453046352, 0.0002601382730063051, 0.0001628960744710639, 0.00018022613949142396, 0.00015779164095874876, 0.00013120424409862608, 0.00012109956151107326, 0.00011248618102399632, 0.00012774855713360012, 0.00012727778812404722, 0.00013078002666588873, 0.00013665264123119414, 0.00011954159708693624, 0.00010001286136684939, 9.970659448299557e-05, 9.159001638181508e-05, 9.585203952156007e-05, 8.711365080671385e-05, 8.238229929702356e-05, 8.281329064629972e-05, 7.660580740775913e-05, 7.163043483160436e-05, 6.725810089847073e-05, 6.312393816187978e-05, 5.899765528738499e-05, 5.50874974578619e-05, 5.341641008271836e-05, 5.253554627415724e-05, 5.0661117711570114e-05, 4.966014239471406e-05, 5.078054527984932e-05, 5.078054527984932e-05, 5.078054527984932e-05, 5.078054527984932e-05, 5.078054527984932e-05, 5.078054527984932e-05, 5.078054527984932e-05, 5.078054527984932e-05, 5.078054527984932e-05, 5.078054527984932e-05, 5.078054527984932e-05, 5.078054527984932e-05, 5.078054527984932e-05],