{"Epoch": [0, 11, 21, 31, 41, 51, 61, 71, 81, 91, 101, 111, 121, 131, 141, 151, 161, 171, 181, 191, 201, 211, 221, 231, 241, 251, 261, 271, 281, 291, 301, 311, 321, 331, 341, 351, 361, 371, 381, 391, 401, 411, 421, 431, 441, 451, 461, 471, 481, 491, 501, 511, 521, 531, 541, 551, 561, 571, 581, 591, 601, 611, 621, 631, 641, 651, 661, 671, 681, 691, 701, 711, 721, 731, 741, 751, 761, 771, 781, 791, 801, 811, 821, 831, 841, 851, 861, 871, 881, 891, 901, 911, 921, 931, 941, 951, 961, 971, 981, 991, 1001, 1011], "Cont": [0.045452430844306946, 0.07367540150880814, 0.01625267043709755, 0.00929153710603714, 0.006183428689837456, 0.004670851398259401, 0.004030558280646801, 0.0031461806502193213, 0.002886306494474411, 0.0024195427540689707, 0.002013782737776637, 0.0016336410772055387, 0.0014602952869608998, 0.0013216083170846105, 0.0011907172156497836, 0.0010328547796234488, 0.0009904244216158986, 0.0008817667257972062, 0.0008375144680030644, 0.0007446040399372578, 0.0006879771244712174, 0.0006390518974512815, 0.0006019370048306882, 0.0005674584535881877, 0.0005174776306375861, 0.0004735985421575606, 0.0004405287909321487, 0.0004102814709767699, 0.0003792727366089821, 0.0003615437599364668, 0.0003456287377048284, 0.000337476609274745, 0.0003244009567424655, 0.0003082209441345185, 0.0002897021477110684, 0.00027758284704759717, 0.000271099794190377, 0.0002593288372736424, 0.00025303420261479914, 0.00024502561427652836, 0.00023692597460467368, 0.00023312219127546996, 0.00022636819630861282, 0.00022057413298171014, 0.00021486676996573806, 0.00020762161875609308, 0.00020054281048942357, 0.00019489361147861928, 0.00019097523181699216, 0.00018654056475497782, 0.00018088229990098625, 0.00017728033708408475, 0.00017518617096357048, 0.00017290269897785038, 0.00016959075583145022, 0.00016951962606981397, 0.00016951962606981397, 0.00016951962606981397, 0.00016951962606981397, 0.00016951962606981397, 0.00016951962606981397, 0.00016951962606981397, 0.00016951962606981397, 0.00016951962606981397, 0.00016951962606981397, 0.00016951962606981397, 0.00016951962606981397, 0.00016951962606981397, 0.00016951962606981397, 0.00016951962606981397, 0.00016951962606981397, 0.00016951962606981397, 0.00016951962606981397, 0.00016951962606981397, 0.00016951962606981397, 0.00016951962606981397, 0.00016951962606981397, 0.00016951962606981397, 0.00016951962606981397, 0.00016951962606981397, 0.00016951962606981397, 0.00016951962606981397, 0.00016951962606981397, 0.00016951962606981397, 0.00016951962606981397, 0.00016951962606981397, 0.00016951962606981397, 0.00016951962606981397, 0.00016951962606981397, 0.00016951962606981397, 0.00016951962606981397, 0.00016951962606981397, 0.00016951962606981397, 0.00016951962606981397, 0.00016951962606981397, 0.00016951962606981397, 0.00016951962606981397, 0.00016951962606981397, 0.00016951962606981397, 0.00016951962606981397, 0.00016951962606981397, 0.00016951962606981397], "MomX": [1.1182113885879517, 0.1517404317855835, 0.034389786422252655, 0.017654642462730408, 0.011753123253583908, 0.008184975013136864, 0.00693573197349906, 0.005850631278008223, 0.0049317702651023865, 0.004163303878158331, 0.003409417811781168, 0.0028548387344926596, 0.0023957774974405766, 0.002174174878746271, 0.001984440255910158, 0.0017384726088494062, 0.0015152640407904983, 0.0013750290963798761, 0.001193289179354906, 0.0010398291051387787, 0.0009307590662501752, 0.0008695068536326289, 0.0007746416958980262, 0.0007037129835225642, 0.0006528893718495965, 0.0006242658710107207, 0.0005929594044573605, 0.0005402803653851151, 0.0004903966328129172, 0.00045613906695507467, 0.00042702609789557755, 0.00039539046701975167, 0.0003698209475260228, 0.0003507465880829841, 0.00033292174339294434, 0.00031146343098953366, 0.0002889182651415467, 0.00027433698414824903, 0.0002588631468825042, 0.0002442234253976494, 0.00023205480829346925, 0.00021814483625348657, 0.00020871195010840893, 0.0001992614706978202, 0.0001887460530269891, 0.00018150948744732887, 0.00017530079639982432, 0.00016958150081336498, 0.00016362036694772542, 0.00015758542576804757, 0.0001524428662378341, 0.00014831362932454795, 0.0001442890934413299, 0.00014189098146744072, 0.0001392357371514663, 0.00013893305731471628, 0.00013893305731471628, 0.00013893305731471628, 0.00013893305731471628, 0.00013893305731471628, 0.00013893305731471628, 0.00013893305731471628, 0.00013893305731471628, 0.00013893305731471628, 0.00013893305731471628, 0.00013893305731471628, 0.00013893305731471628, 0.00013893305731471628, 0.00013893305731471628, 0.00013893305731471628, 0.00013893305731471628, 0.00013893305731471628, 0.00013893305731471628, 0.00013893305731471628, 0.00013893305731471628, 0.00013893305731471628, 0.00013893305731471628, 0.00013893305731471628, 0.00013893305731471628, 0.00013893305731471628, 0.00013893305731471628, 0.00013893305731471628, 0.00013893305731471628, 0.00013893305731471628, 0.00013893305731471628, 0.00013893305731471628, 0.00013893305731471628, 0.00013893305731471628, 0.00013893305731471628, 0.00013893305731471628, 0.00013893305731471628, 0.00013893305731471628, 0.00013893305731471628, 0.00013893305731471628, 0.00013893305731471628, 0.00013893305731471628, 0.00013893305731471628, 0.00013893305731471628, 0.00013893305731471628, 0.00013893305731471628, 0.00013893305731471628, 0.00013893305731471628], "MomY": [0.9247311949729919, 0.10427747666835785, 0.03149772062897682, 0.017359869554638863, 0.011160332709550858, 0.008828074671328068, 0.006892344448715448, 0.006129812449216843, 0.004827552940696478, 0.004249132238328457, 0.003572852583602071, 0.002973189577460289, 0.002600929932668805, 0.0021634362637996674, 0.0018191515700891614, 0.0016086046816781163, 0.0014477764489129186, 0.001341818948276341, 0.0012454106472432613, 0.0011157288681715727, 0.001003761193715036, 0.0008982305298559368, 0.0008087730384431779, 0.0007437485619448125, 0.000679721764754504, 0.0006111155380494893, 0.0005569807253777981, 0.0005265669315122068, 0.0004925126559101045, 0.000458384893136099, 0.0004170032334513962, 0.00038427498657256365, 0.00035949566517956555, 0.00033507225452922285, 0.00031586596742272377, 0.00029977617668919265, 0.00028411729726940393, 0.00027056143153458834, 0.0002553708909545094, 0.00024268603010568768, 0.00023035357298795134, 0.0002196024142904207, 0.0002121645666193217, 0.0002036720688920468, 0.00019661123224068433, 0.0001912129228003323, 0.00018578226445242763, 0.0001782384206308052, 0.00017079901590477675, 0.00016396219143643975, 0.0001573096087668091, 0.00015114477719180286, 0.00014731926785316318, 0.000143553625093773, 0.0001394109713146463, 0.00013896115706302226, 0.00013896115706302226, 0.00013896115706302226, 0.00013896115706302226, 0.00013896115706302226, 0.00013896115706302226, 0.00013896115706302226, 0.00013896115706302226, 0.00013896115706302226, 0.00013896115706302226, 0.00013896115706302226, 0.00013896115706302226, 0.00013896115706302226, 0.00013896115706302226, 0.00013896115706302226, 0.00013896115706302226, 0.00013896115706302226, 0.00013896115706302226, 0.00013896115706302226, 0.00013896115706302226, 0.00013896115706302226, 0.00013896115706302226, 0.00013896115706302226, 0.00013896115706302226, 0.00013896115706302226, 0.00013896115706302226, 0.00013896115706302226, 0.00013896115706302226, 0.00013896115706302226, 0.00013896115706302226, 0.00013896115706302226, 0.00013896115706302226, 0.00013896115706302226, 0.00013896115706302226, 0.00013896115706302226, 0.00013896115706302226, 0.00013896115706302226, 0.00013896115706302226, 0.00013896115706302226, 0.00013896115706302226, 0.00013896115706302226, 0.00013896115706302226, 0.00013896115706302226, 0.00013896115706302226, 0.00013896115706302226, 0.00013896115706302226, 0.00013896115706302226],