{"Epoch": [0, 11, 21, 31, 41, 51, 61, 71, 81, 91, 101, 111, 121, 131, 141, 151, 161, 171, 181, 191, 201, 211, 221, 231, 241, 251, 261, 271, 281, 291, 301, 311, 321, 331, 341, 351, 361, 371, 381, 391, 401, 411, 421, 431, 441, 451, 461, 471, 481, 491, 501, 511, 521, 531, 541, 551, 561, 571, 581, 591, 601, 611, 621, 631, 641, 651, 661, 671, 681, 691, 701, 711, 721, 731, 741, 751, 761, 771, 781, 791, 801, 811, 821, 831, 841, 851, 861, 871, 881, 891, 901, 911, 921, 931, 941, 951, 961, 971, 981, 991, 1001, 1011], "Cont": [0.8352218866348267, 0.022715866565704346, 0.009248077869415283, 0.004109922330826521, 0.0035627875477075577, 0.0030482530128210783, 0.0024678967893123627, 0.0019558658823370934, 0.0016919621266424656, 0.0014009852893650532, 0.001242372440174222, 0.0010768647771328688, 0.000969536486081779, 0.0008603257592767477, 0.0007569422596134245, 0.0006711166934110224, 0.0005626526544801891, 0.0004999132943339646, 0.0004605451540555805, 0.0004003993817605078, 0.00035644223680719733, 0.00031751819187775254, 0.00028413222753442824, 0.00026243276079185307, 0.0002463834243826568, 0.000229910685447976, 0.0002206220233347267, 0.0002044462162302807, 0.00018659511988516897, 0.00017371193098369986, 0.00016083204536698759, 0.00015073921531438828, 0.00014574729721061885, 0.0001388924429193139, 0.00013131136074662209, 0.00012425317254383117, 0.00011613012611633167, 0.00011011036258423701, 0.00010515269241295755, 0.00010146493877982721, 9.78084935923107e-05, 9.553290146868676e-05, 9.222375956596807e-05, 8.876246283762157e-05, 8.876246283762157e-05, 8.876246283762157e-05, 8.876246283762157e-05, 8.876246283762157e-05, 8.876246283762157e-05, 8.876246283762157e-05, 8.876246283762157e-05, 8.876246283762157e-05, 8.876246283762157e-05, 8.876246283762157e-05, 8.876246283762157e-05, 8.876246283762157e-05, 8.876246283762157e-05, 8.876246283762157e-05, 8.876246283762157e-05, 8.876246283762157e-05, 8.876246283762157e-05, 8.876246283762157e-05, 8.876246283762157e-05, 8.876246283762157e-05, 8.876246283762157e-05, 8.876246283762157e-05, 8.876246283762157e-05, 8.876246283762157e-05, 8.876246283762157e-05, 8.876246283762157e-05, 8.876246283762157e-05, 8.876246283762157e-05, 8.876246283762157e-05, 8.876246283762157e-05, 8.876246283762157e-05, 8.876246283762157e-05, 8.876246283762157e-05, 8.876246283762157e-05, 8.876246283762157e-05, 8.876246283762157e-05, 8.876246283762157e-05, 8.876246283762157e-05, 8.876246283762157e-05, 8.876246283762157e-05, 8.876246283762157e-05, 8.876246283762157e-05, 8.876246283762157e-05, 8.876246283762157e-05, 8.876246283762157e-05, 8.876246283762157e-05, 8.876246283762157e-05, 8.876246283762157e-05, 8.876246283762157e-05, 8.876246283762157e-05, 8.876246283762157e-05, 8.876246283762157e-05, 8.876246283762157e-05, 8.876246283762157e-05, 8.876246283762157e-05, 8.876246283762157e-05, 8.876246283762157e-05, 8.876246283762157e-05], "MomX": [0.07239855825901031, 0.05293687805533409, 0.02385104075074196, 0.012183450162410736, 0.007890266366302967, 0.0057774074375629425, 0.004791665822267532, 0.003780178027227521, 0.0030122059397399426, 0.0024613309651613235, 0.0020872869063168764, 0.0017540298867970705, 0.0015291087329387665, 0.0012890517245978117, 0.0011193184182047844, 0.00098924629855901, 0.0008990120841190219, 0.0007993702893145382, 0.0007062579388730228, 0.000617226236499846, 0.0005389094003476202, 0.0004912790609523654, 0.000451669649919495, 0.0004160878015682101, 0.00038483808748424053, 0.0003592744469642639, 0.00033101378357969224, 0.00030736508779227734, 0.0002809438155964017, 0.00025876364088617265, 0.0002446327416691929, 0.0002283343201270327, 0.00021259443019516766, 0.0001988884760066867, 0.0001879896444734186, 0.0001763647305779159, 0.0001686520263319835, 0.00015918091230560094, 0.00015247675764840096, 0.00014680714230053127, 0.00013963501260150224, 0.0001344907213933766, 0.0001294535177294165, 0.00012596727174241096, 0.00012596727174241096, 0.00012596727174241096, 0.00012596727174241096, 0.00012596727174241096, 0.00012596727174241096, 0.00012596727174241096, 0.00012596727174241096, 0.00012596727174241096, 0.00012596727174241096, 0.00012596727174241096, 0.00012596727174241096, 0.00012596727174241096, 0.00012596727174241096, 0.00012596727174241096, 0.00012596727174241096, 0.00012596727174241096, 0.00012596727174241096, 0.00012596727174241096, 0.00012596727174241096, 0.00012596727174241096, 0.00012596727174241096, 0.00012596727174241096, 0.00012596727174241096, 0.00012596727174241096, 0.00012596727174241096, 0.00012596727174241096, 0.00012596727174241096, 0.00012596727174241096, 0.00012596727174241096, 0.00012596727174241096, 0.00012596727174241096, 0.00012596727174241096, 0.00012596727174241096, 0.00012596727174241096, 0.00012596727174241096, 0.00012596727174241096, 0.00012596727174241096, 0.00012596727174241096, 0.00012596727174241096, 0.00012596727174241096, 0.00012596727174241096, 0.00012596727174241096, 0.00012596727174241096, 0.00012596727174241096, 0.00012596727174241096, 0.00012596727174241096, 0.00012596727174241096, 0.00012596727174241096, 0.00012596727174241096, 0.00012596727174241096, 0.00012596727174241096, 0.00012596727174241096, 0.00012596727174241096, 0.00012596727174241096, 0.00012596727174241096, 0.00012596727174241096, 0.00012596727174241096, 0.00012596727174241096], "MomY": [0.02566409483551979, 0.07842946797609329, 0.02370835281908512, 0.011391164734959602, 0.00841639656573534, 0.005823916755616665, 0.004579009022563696, 0.003663307521492243, 0.002942014252766967, 0.002546669915318489, 0.0022741493303328753, 0.0019993216264992952, 0.0016845018835738301, 0.001457083155401051, 0.001311646425165236, 0.001150908530689776, 0.0009974753484129906, 0.0008699555182829499, 0.0007768126670271158, 0.0006906327907927334, 0.0006325944559648633, 0.0005691532278433442, 0.0005148319760337472, 0.00046120211482048035, 0.0004181488184258342, 0.00038208748446777463, 0.00035195297095924616, 0.0003285033453721553, 0.0003077136061619967, 0.0002861455432139337, 0.0002713470021262765, 0.0002545297611504793, 0.0002409756270935759, 0.00022848437947686762, 0.00021810436737723649, 0.00020804906671401113, 0.0001958410575753078, 0.00018653046572580934, 0.0001768311340129003, 0.00016665585280861706, 0.00015884706226643175, 0.00015143415657803416, 0.00014637241838499904, 0.00014011695748195052, 0.00014011695748195052, 0.00014011695748195052, 0.00014011695748195052, 0.00014011695748195052, 0.00014011695748195052, 0.00014011695748195052, 0.00014011695748195052, 0.00014011695748195052, 0.00014011695748195052, 0.00014011695748195052, 0.00014011695748195052, 0.00014011695748195052, 0.00014011695748195052, 0.00014011695748195052, 0.00014011695748195052, 0.00014011695748195052, 0.00014011695748195052, 0.00014011695748195052, 0.00014011695748195052, 0.00014011695748195052, 0.00014011695748195052, 0.00014011695748195052, 0.00014011695748195052, 0.00014011695748195052, 0.00014011695748195052, 0.00014011695748195052, 0.00014011695748195052, 0.00014011695748195052, 0.00014011695748195052, 0.00014011695748195052, 0.00014011695748195052, 0.00014011695748195052, 0.00014011695748195052, 0.00014011695748195052, 0.00014011695748195052, 0.00014011695748195052, 0.00014011695748195052, 0.00014011695748195052, 0.00014011695748195052, 0.00014011695748195052, 0.00014011695748195052, 0.00014011695748195052, 0.00014011695748195052, 0.00014011695748195052, 0.00014011695748195052, 0.00014011695748195052, 0.00014011695748195052, 0.00014011695748195052, 0.00014011695748195052, 0.00014011695748195052, 0.00014011695748195052, 0.00014011695748195052, 0.00014011695748195052, 0.00014011695748195052, 0.00014011695748195052, 0.00014011695748195052, 0.00014011695748195052, 0.00014011695748195052],